,DAY,base,AUD,BGN,BRL,CAD,CHF,CNY,CZK,DKK,GBP,HKD,HRK,HUF,IDR,ILS,INR,ISK,JPY,KRW,MXN,MYR,NOK,NZD,PHP,PLN,RON,RUB,SEK,SGD,THB,TRY,USD,ZAR
0,2020-01-02,USD,1.4300008934,1.7473420888,4.0087554722,1.299830251,0.9706959707,6.9638166711,22.7025819709,6.6755114804,0.7578665237,7.790851425,6.6510318949,294.8092557849,13884.4992405968,3.4566246761,71.3897078531,122.3085857232,108.7733404807,1159.8677745019,18.8852854463,4.0886268203,8.7919235236,1.493612079,50.7683373537,3.8009470205,4.2730277852,61.8147949611,9.356562137,1.3476279818,30.1447333155,5.9589922273,1.0,14.0709371929
1,2020-01-03,USD,1.4381447923,1.7545527945,4.0612720911,1.2981968243,0.9724589576,6.9715618552,22.7505158339,6.7041356419,0.7635686732,7.7790436889,6.6800932986,296.5192428456,13938.0012559433,3.4777070064,71.7758141204,122.813312999,108.1367183996,1166.520139948,18.9677043151,4.1020005383,8.8198618462,1.4997757244,51.1195837445,3.8120570557,4.2867139141,62.0068179779,9.40683592,1.3498699202,30.1551987082,5.9735354804,1.0,14.2838431865
2,2020-01-06,USD,1.4399678399,1.7471859925,4.0611934965,1.2975701269,0.9692692514,6.9723959264,22.6022869394,6.6760764695,0.76125603,7.7700553868,6.6508844024,294.4970519921,13940.0035733429,3.47623727,71.9291584778,122.6549937467,108.1114882973,1169.2245845989,18.8867250313,4.1039842773,8.7982847954,1.4997319993,51.1407897088,3.7890834376,4.2650527068,62.0016973379,9.4075397534,1.3498302662,30.1447203859,5.9764159371,1.0,14.2455779882
3,2020-01-07,USD,1.4546186896,1.7506265664,4.0838703903,1.2996777658,0.9711779449,6.9425349087,22.6244181883,6.6891335482,0.7624686717,7.7726459005,6.6664876477,296.5270318654,13875.0,3.4667919799,71.8447905478,122.8965270319,108.4407447189,1165.843179377,18.873254565,4.093000358,8.820981024,1.5067132116,50.8700322234,3.8003043323,4.2765843179,61.9921231651,9.436358754,1.3498925886,30.2747941282,5.9756534193,1.0,14.2968134622
4,2020-01-08,USD,1.457040036,1.7596041386,4.056860099,1.3018443545,0.9709401709,6.9441295547,22.7305443095,6.7234367971,0.7635447593,7.7754385965,6.701754386,297.8677462888,13892.4966261808,3.4674763833,71.7130004498,123.34682861,108.7359424202,1167.224471435,18.8105263158,4.1014844804,8.8626180837,1.505982906,50.7602339181,3.8172739541,4.2981556455,61.7533963113,9.4564102564,1.3507872245,30.3553756185,5.9521367521,1.0,14.2299595142
5,2020-01-09,USD,1.4575157516,1.7603960396,4.0678667867,1.3055805581,0.9728172817,6.9316831683,22.7299729973,6.7264626463,0.7676417642,7.7693069307,6.702070207,299.2889288929,13850.0,3.4703870387,71.2529252925,123.9423942394,109.396939694,1159.5679567957,18.7792079208,4.0904590459,8.8807380738,1.5117911791,50.6300630063,3.8183618362,4.301080108,61.2742574257,9.4806480648,1.3517551755,30.2853285329,5.8803780378,1.0,14.2069306931
6,2020-01-10,USD,1.4545126679,1.7634117753,4.074294473,1.3071860067,0.9757461004,6.9220989992,22.7797313137,6.7379857542,0.76467406,7.7663871608,6.7121990803,301.0098277883,13762.5011270399,3.4691191056,70.9507708953,123.1629248941,109.6384455865,1159.4986926337,18.8111081057,4.0764583897,8.9031647282,1.5119466234,50.4895861509,3.8285096024,4.3094400866,61.347939771,9.5131187449,1.3496528717,30.23532594,5.8784600126,1.0,14.2530880894
7,2020-01-13,USD,1.4485888909,1.7578644616,4.1193600575,1.304511954,0.9716879382,6.8934927198,22.6766133381,6.7168793816,0.7708071185,7.7749415783,6.6910839475,300.4583857631,13700.9976631314,3.4697105878,70.8453172749,123.314758224,109.8777637965,1157.7296422793,18.7923782132,4.0624662952,8.8940319971,1.5071903649,50.4646773324,3.8062196656,4.2948049614,61.198364192,9.4911019234,1.3472047456,30.2175085386,5.8618551141,1.0,14.3760560848
8,2020-01-14,USD,1.4493927126,1.7596041386,4.1435897436,1.3070625281,0.9686909582,6.8858299595,22.6315789474,6.7234367971,0.7702923977,7.7775078722,6.6981556455,299.3882141251,13692.8025191183,3.4674763833,70.8308591993,123.436797121,110.0494826811,1156.7611336032,18.8399460189,4.0744939271,8.8996851102,1.5117408907,50.6000899685,3.7983805668,4.3000449843,61.396131354,9.469005848,1.3478182636,30.2510121457,5.8882591093,1.0,14.4196131354
9,2020-01-15,USD,1.4528809908,1.7553401544,4.1599353796,1.3072159397,0.964907557,6.887991384,22.5668641178,6.7067851373,0.7690091546,7.7715849937,6.6812959971,298.8152934841,13697.9895889427,3.4608687848,70.7974331359,122.5991742955,109.8815293484,1157.0813139472,18.8064979357,4.0754801651,8.8691437803,1.5172320948,50.7278765033,3.7933046132,4.2903428469,61.4239813319,9.4767546222,1.3472446598,30.239633818,5.8858373721,1.0,14.379644588
10,2020-01-16,USD,1.4428328409,1.7510967857,4.1650102964,1.3035186677,0.961500582,6.8794878682,22.5355895783,6.6907511863,0.7652430835,7.772584833,6.6629062584,298.8987375772,13630.0026860059,3.4537559316,70.9293580446,122.6609365207,109.9471752171,1158.4474885845,18.793177545,4.0627630047,8.8690124452,1.5013877697,50.8335571672,3.7894171367,4.2788074134,61.6082012714,9.4617244158,1.3452412929,30.3652968037,5.8521801415,1.0,14.4354015579
11,2020-01-17,USD,1.4513863882,1.7607129996,4.1762693554,1.3051854519,0.966510623,6.8586604249,22.6386388189,6.7274936982,0.7661595247,7.7684551674,6.6958948506,302.1155923659,13670.2466690673,3.4544472452,71.0809326611,123.6946344977,110.1098307526,1159.8577601728,18.755671588,4.0548253511,8.902592726,1.5108030248,50.9074540871,3.8140979474,4.303474973,61.441753691,9.4931580843,1.3467770976,30.3799063738,5.8807166006,1.0,14.4564277998
12,2020-01-20,USD,1.4572846189,1.7643662607,4.1822282364,1.3069012179,0.9686062246,6.8662156067,22.6657645467,6.7411817772,0.7692828146,7.7683355886,6.7079837618,303.4641407307,13638.5205232296,3.4574650429,71.0726206585,124.1317095174,110.1849345963,1160.198466396,18.6684709066,4.0615245828,8.9142986017,1.5152007217,50.9598556608,3.8279657194,4.3115922418,61.5313486694,9.5216959856,1.348037889,30.3536310329,5.9182679296,1.0,14.5281912494
13,2020-01-21,USD,1.4554206028,1.7596041386,4.1980206928,1.3056230319,0.9665317139,6.9034637877,22.5515069726,6.7228969861,0.7650022492,7.7698605488,6.6914080072,301.6824111561,13673.3153396311,3.4552406658,71.196131354,123.9766081871,110.04048583,1167.8992352677,18.7309041835,4.0715249663,8.9392712551,1.5124606388,51.0022492128,3.8180836707,4.2991452991,61.8353576248,9.4937471885,1.3489878543,30.400359874,5.9323436797,1.0,14.4758434548
14,2020-01-22,USD,1.4595959596,1.7638888889,4.1924603175,1.3045634921,0.9701479076,6.9020562771,22.6695526696,6.7396284271,0.7615891053,7.7714646465,6.7077020202,302.6785714286,13652.3358585859,3.4522907648,71.1277958153,124.2784992785,109.9657287157,1163.933982684,18.7064393939,4.0654761905,8.9817821068,1.5135281385,50.9550865801,3.821969697,4.3095238095,61.9529220779,9.5173160173,1.3486652237,30.3796897547,5.9228896104,1.0,14.4074675325
15,2020-01-23,USD,1.4560454423,1.7634117753,4.1703182761,1.3162924894,0.9678117392,6.9332792354,22.6841583266,6.7380759174,0.7618609684,7.7721576053,6.711567938,304.0212785141,13651.9971147777,3.4564962582,71.3159318366,124.2448832387,109.5482823911,1167.7486250113,18.7112974484,4.0699666396,8.9872869895,1.5144711929,50.9548282391,3.8264358489,4.308718781,61.879091155,9.5097827067,1.3498331981,30.5499954918,5.9301235236,1.0,14.3813001533
16,2020-01-24,USD,1.46144087,1.7723606706,4.1761667422,1.3131853194,0.9707294971,6.9333031264,22.8001812415,6.7720888083,0.7640507476,7.7725419121,6.7435432714,304.4947893068,13595.7498867241,3.452650657,71.2913457182,124.5129134572,109.6148618034,1168.210240145,18.7739012234,4.0649750793,9.0054372451,1.5119166289,50.8309922972,3.8572723154,4.3315813321,61.7754417762,9.548074309,1.3511554146,30.5600362483,5.9391934753,1.0,14.3710919801
17,2020-01-27,USD,1.4776417234,1.773968254,4.2146938776,1.3187301587,0.9695238095,6.9366893424,22.885260771,6.7780498866,0.7651519274,7.777324263,6.7496598639,306.1496598639,13604.9977324263,3.4604081633,71.4217687075,124.6258503401,108.9433106576,1177.6326530612,18.9310657596,4.0654875283,9.1032199546,1.5250793651,50.8698412698,3.8743764172,4.3363265306,62.6251247166,9.5959183673,1.3573696145,30.7201814059,5.9470294785,1.0,14.5515646259
18,2020-01-28,USD,1.4802362562,1.7771921854,4.1977283053,1.3190368015,0.9725579282,6.9366651522,22.9177646524,6.7903680145,0.7687687415,7.7762835075,6.7614720582,306.3880054521,13637.5011358473,3.455974557,71.2898682417,124.6706042708,109.0595184007,1178.7369377556,18.8383462063,4.0865061336,9.1556565198,1.5305770104,50.7751022263,3.8828714221,4.3420263517,62.6108132667,9.6313493866,1.3583825534,30.8450704225,5.949568378,1.0,14.6523398455
19,2020-01-29,USD,1.4815925825,1.7778383783,4.1895282247,1.3176983911,0.975274975,6.9366421234,22.91428052,6.7928370148,0.7688391964,7.7722934279,6.76483956,306.6903008817,13627.4975002273,3.4590491773,71.2817016635,123.5342241614,109.1355331334,1178.6655758567,18.7354785929,4.0799927279,9.1412598855,1.5333151532,50.8399236433,3.8939187347,4.3423325152,62.6993000636,9.6130351786,1.360876284,30.9699118262,5.9593673302,1.0,14.6094900464
20,2020-01-30,USD,1.4880768882,1.7733248708,4.2466225406,1.3216973434,0.9692628525,6.9366216339,22.8941880497,6.7756822921,0.7632876961,7.768428688,6.7479372563,306.791186871,13686.4992293046,3.452715568,71.6393145344,123.2206002357,108.8312630338,1192.3111796174,18.7673406474,4.0880406202,9.224589718,1.5389427872,50.998277269,3.8872971258,4.3313083688,63.1715477378,9.6471121589,1.3627708768,31.1950312812,5.9815033095,1.0,14.7495693173
21,2020-01-31,USD,1.4923995657,1.7696344553,4.2668295331,1.323470865,0.9676076728,6.9366630474,22.8103510677,6.7617625769,0.7616268549,7.7671914586,6.7354325009,304.9674267101,13655.0036192544,3.4464350344,71.3947701773,123.3260948245,108.8943177705,1195.801664857,18.8241042345,4.098534202,9.2194173,1.5456930872,51.0152008686,3.8915128484,4.3240137532,63.6423271806,9.6605139341,1.3655446978,31.1798769453,5.9823561346,1.0,14.9203764025
22,2020-02-03,USD,1.4929513826,1.7673956262,4.2626061811,1.3236038316,0.9643954455,7.0197903488,22.7516717875,6.7530272908,0.7660853063,7.7656786553,6.729170432,305.1689860835,13742.4995481656,3.4461413338,71.3930056027,124.0737393819,108.5306343756,1192.0477137177,18.8128501717,4.1140430146,9.2707392012,1.545816013,50.8702331466,3.8828845111,4.3184529189,63.7979396349,9.6519067414,1.3679739743,31.040122899,5.9841857943,1.0,14.8930056027
23,2020-02-04,USD,1.487961622,1.7702751629,4.2273714699,1.3279326575,0.9686821144,6.9965604634,22.7579652426,6.7640296886,0.7682838523,7.766564084,6.7449312093,304.4170890659,13710.0018102824,3.4513034033,71.245474294,124.8189717596,109.0876176684,1186.4138305576,18.7112599566,4.1115133961,9.2277335264,1.5479724837,50.7802317161,3.869750181,4.3232259232,63.2444786387,9.6196596669,1.3702932657,30.9503982621,5.9805394642,1.0,14.7775162925
24,2020-02-05,USD,1.4786355802,1.7742901207,4.2287943391,1.3284949651,0.9722398621,6.9725120203,22.7297468929,6.7792796879,0.7660709426,7.7630409145,6.7647645831,304.5994738275,13640.9960990656,3.4456137168,71.1539508301,125.2834981403,109.7160482627,1182.0466297741,18.5904926064,4.1170280323,9.17835435,1.5427741994,50.7674861653,3.8547582328,4.3304000726,62.6254195772,9.5663612447,1.379116393,30.9652544679,5.985212737,1.0,14.7188605643
25,2020-02-06,USD,1.4797782423,1.7775152231,4.2309370172,1.3278196855,0.9738253204,6.968644915,22.6238298646,6.7913296374,0.7710169954,7.7633372717,6.7766063801,306.0619830955,13633.3818049623,3.4327001727,71.1483231846,125.5112242116,109.851858584,1183.1136962647,18.6178315005,4.1215123148,9.205489412,1.5444878669,50.7288921203,3.858129601,4.3310915205,63.1259656457,9.5928383168,1.3844406071,31.0797055349,5.9880032718,1.0,14.8166863583
26,2020-02-07,USD,1.4966724405,1.7830248883,4.2919135746,1.3313884584,0.9759321725,6.993436047,22.8188531316,6.8122891786,0.7723584648,7.7644270216,6.7964262923,308.2778740086,13732.5644999544,3.4264746103,71.4399671802,125.7179323548,109.8641626402,1194.0742091348,18.7146503783,4.1400309964,9.2691220713,1.5583918315,50.8852219892,3.8885039657,4.3406873917,63.8347160179,9.6139119336,1.390737533,31.3000273498,5.9885130823,1.0,14.9698240496
27,2020-02-10,USD,1.4951146014,1.7859556205,4.3110218245,1.3313852616,0.9770797187,6.9830152497,22.8527075153,6.8234864396,0.7727878733,7.7654095516,6.8075974797,308.0723221624,13731.3030773445,3.422792439,71.3240799927,125.9245730983,109.743402429,1188.3937539951,18.7623048123,4.1480230116,9.2400694001,1.5622317597,50.8236690713,3.8951693909,4.3523879098,64.0233768606,9.6546434116,1.3888229385,31.3003378687,6.0174413296,1.0,15.0475755639
28,2020-02-11,USD,1.4916062747,1.7941473259,4.3110723787,1.3296945234,0.9785340794,6.9741308137,22.9015686634,6.8545087607,0.7735528851,7.7660765067,6.8424915145,309.999082653,13686.0012842858,3.4125309605,71.2728190074,126.5021557655,109.8339601871,1183.9556004036,18.6737913953,4.1334739932,9.260893496,1.5645353637,50.51004495,3.9050545821,4.3751032015,63.5903128153,9.6663608843,1.3876708559,31.2650215577,6.0338501055,1.0,14.8913861114
29,2020-02-12,USD,1.4820414147,1.792010262,4.3326003299,1.3256367968,0.9753527579,6.9702217336,22.7945757742,6.8460692688,0.7701850834,7.7687374015,6.8329668316,311.0591900312,13664.0003665017,3.4199193696,71.3161993769,126.3514751695,109.9780098955,1180.1356056441,18.6250687191,4.1359721459,9.2033168408,1.5422393256,50.567161444,3.8990287704,4.3671431189,62.9952354774,9.617463808,1.3855598314,31.1050027488,6.0402235661,1.0,14.7760674363
30,2020-02-13,USD,1.485046471,1.7997607435,4.3417686574,1.3256648569,0.9784669182,6.9835281126,22.8535934481,6.8759547253,0.7672310665,7.7664488819,6.8568142082,310.2236127726,13704.0029446949,3.4260605503,71.2703598049,126.7139044815,109.699088985,1183.417686574,18.626207785,4.1415294009,9.2403607251,1.5491856078,50.4858746664,3.9121192601,4.3843747124,63.5142173553,9.6459924542,1.3891598417,31.139228858,6.0589859207,1.0,14.8442992546
31,2020-02-14,USD,1.4896698026,1.8039107176,4.3282604685,1.3247555802,0.9814609851,6.987363955,22.899833979,6.891071758,0.7674598783,7.7673860911,6.8705035971,309.6015495296,13715.9933591588,3.428979893,71.4499169895,126.8216196274,109.8598044641,1184.0527577938,18.5949086884,4.1400110681,9.2471868659,1.555432577,50.5497140749,3.9190186312,4.3980815348,63.5598598045,9.6923999262,1.3918096292,31.2193322265,6.0629957572,1.0,14.8624792474
32,2020-02-17,USD,1.4886017536,1.8050761421,4.3137055838,1.3229349331,0.9820950623,6.9815413013,22.882325796,6.8944162437,0.7682325796,7.7674203969,6.8726349792,308.8509460083,13652.496538994,3.4269497,71.3816335948,127.0881402861,109.875403784,1183.848638671,18.5734194739,4.144993078,9.2637748039,1.5564374712,50.564836179,3.9335486848,4.4086755884,63.4567604984,9.7206275958,1.3887401938,31.1748961698,6.0491001384,1.0,14.9603137979
33,2020-02-18,USD,1.497318787,1.8082470414,4.3462463018,1.3262758876,0.9817862426,7.0018491124,23.0196005917,6.9066198225,0.7672429734,7.7684911243,6.8823964497,309.5691568047,13664.9963017751,3.4234467456,71.5514053254,127.3113905325,109.7448224852,1191.5125739645,18.638683432,4.1530140533,9.3272004438,1.564441568,50.6647559172,3.9521079882,4.4215051775,63.7652551775,9.7538831361,1.3921967456,31.2250369822,6.0690643491,1.0,15.051035503
34,2020-02-19,USD,1.4946296296,1.8109259259,4.3688888889,1.3223148148,0.9834259259,6.9942592593,23.112962963,6.9160185185,0.7698888889,7.7708333333,6.8937962963,311.4166666667,13688.0,3.4209259259,71.5134259259,127.8703703704,110.5092592593,1189.5833333333,18.5824074074,4.1625,9.2757407407,1.5632407407,50.5703703704,3.9548148148,4.4251851852,63.5412037037,9.7910185185,1.3919444444,31.2,6.0746296296,1.0,14.9467592593
35,2020-02-20,USD,1.5101019462,1.8126042632,4.3874884152,1.3256719184,0.9838739574,7.0238183503,23.203892493,6.9213160334,0.7770157553,7.781278962,6.9040778499,313.2530120482,13707.4976830399,3.4299351251,71.6167747915,127.9888785913,112.0111214087,1206.4782205746,18.6918443003,4.1839666358,9.3100092678,1.5797961075,50.718257646,3.968952734,4.4466172382,63.7683039852,9.8225208526,1.400463392,31.4402224282,6.0987951807,1.0,15.103429101
36,2020-02-21,USD,1.5149523192,1.8107582631,4.4023701509,1.3258031664,0.9823164522,7.0312933988,23.2024812517,6.9162114619,0.773169151,7.7878900102,6.8965836497,312.1007314138,13765.0032404407,3.4242199796,71.9877789094,128.0436996574,111.9896305898,1212.3414498658,18.9966669753,4.1935006018,9.3392278493,1.583557078,50.87954819,3.9658364966,4.4477363207,64.3903342283,9.7852050736,1.4008888066,31.6304045922,6.1226738265,1.0,15.087954819
37,2020-02-24,USD,1.514512849,1.807912738,4.3884266962,1.3285265299,0.9798484008,7.0347568867,23.2815677574,6.9050656314,0.774939915,7.794786467,6.9005361435,312.0817156591,13957.2471806249,3.4394527639,71.9416712886,128.7668700314,111.4069144019,1219.4490663709,19.15640599,4.2270290257,9.3666112035,1.5802366426,51.0704381586,3.9738398965,4.4428729895,65.323997042,9.7830467739,1.4017378443,31.7396931041,6.1563135515,1.0,15.1222037345
38,2020-02-25,USD,1.5167896679,1.8042435424,4.3882841328,1.3286900369,0.9783210332,7.0152214022,23.2712177122,6.8912361624,0.7714944649,7.7901291513,6.8788745387,311.2638376384,13925.0,3.4278597786,71.7011070111,128.5055350554,110.6273062731,1213.7269372694,19.0207564576,4.2330258303,9.3726937269,1.5830258303,51.0701107011,3.967896679,4.4370848708,65.3083948339,9.7498154982,1.3990774908,31.7250922509,6.1520295203,1.0,15.1890221402
39,2020-02-26,USD,1.5232183908,1.7984367816,4.3899770115,1.3304827586,0.9752643678,7.0187586207,23.3048275862,6.8698850575,0.7737931034,7.7923678161,6.8602298851,311.9816091954,13997.1126436782,3.4417471264,71.6501149425,128.091954023,110.4643678161,1215.8988505747,19.131954023,4.2254712644,9.3897011494,1.5883218391,51.0694252874,3.9626666667,4.4183908046,65.5051034483,9.7299310345,1.3980689655,31.8749425287,6.1591724138,1.0,15.1314942529
40,2020-02-27,USD,1.520612915,1.7838380153,4.4668916454,1.3349142649,0.9692630427,7.0059284933,23.0600145932,6.8154870485,0.7752188982,7.7942356804,6.8063662897,308.6191171105,14034.9963516965,3.4358810653,71.6326158336,127.0521707406,109.8686610726,1211.0817219993,19.3908245166,4.2105071142,9.3869025903,1.5802626779,50.8637358628,3.9332360452,4.3870850055,65.7654140825,9.6454761036,1.3949288581,31.6499452754,6.1599781102,1.0,15.3611820503
41,2020-02-28,USD,1.5373052747,1.7817254259,4.4850141204,1.3443563815,0.9669308554,6.9838753758,23.1301812881,6.807233306,0.7772159971,7.7935683702,6.804682518,307.5248246333,14347.4993167532,3.4665209074,72.228295527,126.901703562,108.7364489387,1207.0511068598,19.7112143573,4.2145394917,9.4641523185,1.6040812608,51.0403571103,3.9408763779,4.3846223923,67.0580304273,9.7237860982,1.3953721418,31.5496037169,6.2264735356,1.0,15.5744739
42,2020-03-02,USD,1.5283222442,1.7584966733,4.4900197806,1.3358208955,0.9580111491,6.9653839238,22.9500089912,6.719115267,0.7832494156,7.7796259666,6.7285560151,302.9311274951,14304.4506383744,3.4909188995,72.7540010789,127.4051429599,107.7324222262,1192.0967451897,19.7772882575,4.2034705988,9.3547023917,1.5948570401,50.810106096,3.8910267937,4.3253012048,67.0383024636,9.5363244021,1.3890487322,31.4403884193,6.2266678655,1.0,15.6628304262
43,2020-03-03,USD,1.5211837726,1.7592875776,4.5004947378,1.3364216965,0.9576324548,6.9777817757,22.9153548619,6.7221372672,0.7826751822,7.7782675182,6.7332014033,302.851488711,14281.7306827382,3.460465953,73.2472789422,128.5418728074,107.735899973,1194.1980750202,19.4835837006,4.2059908249,9.2945938653,1.5946748223,50.7933795089,3.8828820725,4.3255374651,66.5692183143,9.498066025,1.3923720428,31.5399838086,6.1730682738,1.0,15.583790591
44,2020-03-04,USD,1.5095730337,1.7580224719,4.507505618,1.3359101124,0.9570337079,6.9226067416,22.7775280899,6.7170337079,0.7806741573,7.7696179775,6.7279101124,301.0876404494,14115.002247191,3.4562696629,73.2606741573,127.8202247191,107.4876404494,1181.9865168539,19.2453932584,4.1789662921,9.263011236,1.5880449438,50.5959550562,3.8622921348,4.3211685393,65.8139325843,9.4880898876,1.3842696629,31.3402247191,6.0968988764,1.0,15.2614831461
45,2020-03-05,USD,1.5122016626,1.7482792527,4.6017699115,1.3427192277,0.9531599178,6.934745687,22.656655046,6.6784660767,0.7747385358,7.771162957,6.6957182444,300.0804505229,14170.0008938947,3.4695628855,73.4361312237,127.1118262269,106.9366228658,1186.2072047913,19.7315634218,4.1594708143,9.2705819254,1.5861267543,50.7598104943,3.8463395012,4.3005273979,66.4226334138,9.4676857066,1.3850898364,31.5500134084,6.0818807544,1.0,15.4416733709
46,2020-03-06,USD,1.5087332392,1.7252999294,4.6531404375,1.3420077629,0.9341037403,6.9258115737,22.4576570219,6.5893613267,0.7689220183,7.7707304164,6.6191778405,295.9421312632,14606.995412844,3.4911785462,73.7350035286,126.1467889908,105.0458715596,1192.334156669,20.2856386733,4.1720183486,9.2610268172,1.5753352152,50.7604093155,3.7969301341,4.2440014114,68.371383204,9.3635321101,1.3787932251,31.4396612562,6.1052399435,1.0,15.7475299929
47,2020-03-09,USD,1.5127444134,1.7072276536,4.750174581,1.3628666201,0.9247555866,6.9483240223,22.2625698324,6.5201641061,0.7627706006,7.7724336592,6.5904329609,293.5143156425,14392.5017458101,3.515625,74.1620111732,126.5712290503,102.2346368715,1199.9912709497,21.2349860335,4.2164804469,9.5059357542,1.5730621508,50.6398393855,3.7650139665,4.2052199721,74.3324895251,9.3578037709,1.3827688547,31.4952863128,6.1105097765,1.0,15.9652583799
48,2020-03-10,USD,1.5256365233,1.7171202809,4.6745390694,1.3677787533,0.9301141352,6.9569798068,22.5856014047,6.5596136962,0.7672080773,7.7696224759,6.6220368745,295.1712028095,14294.9956101844,3.5247585601,73.8454784899,127.5680421422,104.1703248464,1191.5013169447,20.960403863,4.2374890255,9.5200175593,1.5808604039,50.5153643547,3.7980684811,4.2298507463,71.639596137,9.4833187006,1.3886742757,31.4389815628,6.1355575066,1.0,15.9434591747
49,2020-03-11,USD,1.533962597,1.7252999294,4.6642554693,1.3742942837,0.9342801694,6.9513937897,22.7328863797,6.5919195483,0.7735532816,7.7691425547,6.6818101623,295.9244883557,14352.4964714185,3.5564573042,73.6781051517,128.5285815102,104.5783345095,1189.1937191249,21.0854798871,4.2344742414,9.5763937897,1.5835391673,50.6201482004,3.8091037403,4.2530875088,71.7876676076,9.4599505999,1.3885850388,31.390261115,6.1958362738,1.0,16.0638673253
50,2020-03-12,USD,1.5724199288,1.7400355872,4.9004448399,1.38113879,0.9385231317,7.0175266904,23.3122775801,6.6483096085,0.7884608541,7.7816725979,6.7615658363,301.0409252669,14620.9964412811,3.6395907473,74.2597864769,132.2419928826,103.9501779359,1209.4306049822,22.0665480427,4.265480427,10.1140569395,1.6168149466,51.2855871886,3.8789145907,4.2894128114,74.7583629893,9.6926156584,1.4038256228,31.6601423488,6.2598754448,1.0,16.4098754448
51,2020-03-13,USD,1.5925792507,1.7613472622,4.6867795389,1.3858969741,0.9553314121,6.9873018732,23.4528097983,6.7301873199,0.8021433718,7.7679214697,6.8110590778,305.1873198847,14770.0018011527,3.6803854467,73.7360410663,135.0864553314,107.2676512968,1208.015129683,21.4188580692,4.2784582133,9.9933357349,1.6318443804,50.8402377522,3.9238112392,4.3419488473,72.7111851585,9.7670208934,1.4124639769,31.7399135447,6.2905259366,1.0,16.1414805476
52,2020-03-16,USD,1.6310836246,1.7529801918,4.9637895492,1.3927579098,0.9452361746,7.0225867169,24.1642018464,6.6981267366,0.8148964775,7.7692928207,6.7925965761,309.1960204356,15018.5533745631,3.746078695,74.2202204894,135.5203011562,105.5480864032,1230.9222909384,22.8088195752,4.310477727,10.286367303,1.6580622031,51.64918885,3.9499865555,4.332974814,74.9220220489,9.7694720803,1.4222461235,32.2102715784,6.4146275881,1.0,16.6354754862
53,2020-03-17,USD,1.6651793844,1.7809142233,5.0336914952,1.4124931706,0.961664542,7.020123839,24.5720269532,6.8049535604,0.8270169368,7.7648879985,6.9042979421,316.0080131124,15190.0018211619,3.8618648698,74.2733564014,140.5936987798,106.993261701,1243.1342196321,22.8092332908,4.3504826079,10.4774175924,1.6772901111,51.5051903114,4.0637406665,4.4088508468,74.9826989619,9.9793298124,1.4287925697,32.2901110909,6.4911673648,1.0,16.5987980331
54,2020-03-18,USD,1.6981891348,1.7887323944,5.1338028169,1.4403694897,0.9645143589,7.0353941833,24.8344613133,6.8348271447,0.8431498079,7.7663252241,6.9448509237,321.364550942,15449.5518565941,3.8095847814,74.2047740991,139.6561185294,107.7190415219,1260.106091092,23.9632339491,4.3710444485,10.701481617,1.712730931,51.6197183099,4.1165172855,4.431132248,79.6560270715,10.0807572709,1.4413755259,32.4199743918,6.446954454,1.0,16.9767697092
55,2020-03-19,USD,1.7253032127,1.8107582631,5.1881307286,1.4464401444,0.9753726507,7.1149893528,25.5587445607,6.9188963985,0.86089251,7.7630774928,7.0437922415,329.6546616054,15912.4988426997,3.685029164,75.1226738265,140.9128784372,109.8324229238,1262.9756504027,24.3454309786,4.4149615776,11.4031108231,1.75011573,51.4702342376,4.222201648,4.4852328488,80.4875474493,10.3252476623,1.4482918248,32.4747708546,6.5387464124,1.0,17.2946949357
56,2020-03-20,USD,1.7022508639,1.826655459,5.037545531,1.4249556365,0.9849631082,7.0905949379,25.3955356309,6.9759036145,0.8501727842,7.7571682077,7.1073129728,327.7388624264,15925.0023349211,3.612870085,75.1517698702,140.7490426824,110.5538432801,1247.4455963388,23.9902867283,4.3945082656,11.3210983469,1.7298029327,51.2701970673,4.232277949,4.5302138788,79.4842626319,10.3295040628,1.449052022,32.549733819,6.5196600355,1.0,17.2902773886
57,2020-03-23,USD,1.7236390615,1.8137809515,5.0683483261,1.4383752203,0.982101456,7.0838356673,25.6283038116,6.9281276083,0.862190485,7.7558193453,7.053695632,326.7458035797,16574.9976815358,3.6698506909,76.1620142817,140.4989335064,110.4609106928,1256.7003616804,24.6805156264,4.4449596587,11.3667810442,1.7563757767,51.4003524066,4.2711675786,4.4960586108,79.8293610313,10.2675507744,1.4601687842,32.8646944264,6.5859222851,1.0,17.6333116943
58,2020-03-24,USD,1.6891081804,1.8037443512,5.0830950844,1.4494143687,0.9750069169,7.0597620585,25.6460389191,6.8863783086,0.8493959236,7.7550493406,7.0200129116,325.6202158074,16325.002305635,3.6317439823,75.9549940053,139.9059300931,110.6612561099,1241.9533339482,24.8364843678,4.4305081619,11.0435303883,1.7224015494,51.0698146269,4.2558332565,4.4597436134,78.5355528913,10.2266900304,1.4472009591,32.7704509822,6.4659227151,1.0,17.592363737
59,2020-03-25,USD,1.6618638589,1.8064099012,5.0740740741,1.4352082756,0.9792186201,7.0974415812,25.3495889905,6.897755611,0.8451371571,7.7529324836,7.0271543364,327.8562852129,16114.9995381916,3.6400665004,76.3821926665,140.2974046366,111.4528493581,1232.8622887226,24.5408700471,4.3865336658,10.8751269973,1.7067516394,51.0298328253,4.2317354761,4.4745543549,78.3240971645,10.1263507897,1.4455527847,32.78008682,6.4350235522,1.0,17.4081463009
60,2020-03-26,USD,1.6539477279,1.7810764047,4.9909844276,1.4084327475,0.9683999636,7.073581641,25.0887897277,6.7989254166,0.8318732356,7.7530279574,6.9315180767,323.2765686185,16106.0012749294,3.6048629451,75.1611875057,139.7869046535,109.443584373,1217.0658409981,23.7441945178,4.3350332392,10.4974956743,1.6874601585,50.9798743284,4.1661050906,4.4016938348,77.6887350879,10.0236772607,1.435115199,32.6345505874,6.4117111374,1.0,17.4377561242
61,2020-03-27,USD,1.6588321035,1.7817254259,5.0929215633,1.4139564544,0.9639245696,7.0961100483,24.8692721144,6.7965746561,0.8175548875,7.752118065,6.9363213993,323.9956272206,16140.0018219914,3.5905074246,75.4937596793,140.2933406213,108.7364489387,1226.4826455316,23.5336612918,4.3380705111,10.6183838936,1.6897148583,51.1296346907,4.1273572014,4.4069417874,78.6935410404,10.0353466339,1.4359114512,32.5854058486,6.4621481279,1.0,17.6200236859
62,2020-03-30,USD,1.6332245786,1.7725212978,5.1215334421,1.4161682074,0.9580387892,7.0996012326,24.7553017945,6.7669929309,0.805691499,7.7541236179,6.911818017,325.1042233098,16393.0034439007,3.5838317926,75.6751857894,139.8404930216,108.1566068515,1224.8685880007,23.7864781584,4.3326083016,10.5934384629,1.6680261011,50.9298531811,4.124433569,4.3753851731,79.8790103317,10.0031720138,1.4257748777,32.6998368679,6.5683342396,1.0,17.8798259924
63,2020-03-31,USD,1.6399233297,1.7851405622,5.2027199708,1.4254289887,0.9661372764,7.0996714129,24.9288061336,6.8158086893,0.8090817817,7.7532858708,6.96011318,328.6053304126,16310.0036509675,3.5613362541,75.6649324571,142.0226359985,108.5250091274,1224.0142387733,23.8930266521,4.3200073019,10.5056589996,1.6809967141,50.9903249361,4.1535231836,4.4069916028,78.4488864549,10.0961117196,1.4268893757,32.7902519168,6.5774917853,1.0,17.8984118291
64,2020-04-01,USD,1.6507863936,1.788405267,5.2440563277,1.4265727871,0.9659839064,7.1006766642,25.0265179225,6.8253474762,0.8088880761,7.75246891,6.9755852231,337.7468910022,16678.5021945867,3.5675749817,76.4451353328,142.7395757132,107.4890270666,1231.2362838332,24.1493233358,4.3575347476,10.3040416971,1.6959583029,50.9409290417,4.1893745428,4.4202633504,79.0737015362,10.0007315289,1.434619605,33.0202999268,6.6683430871,1.0,17.9790599854
65,2020-04-02,USD,1.6477168531,1.7933247754,5.2285897671,1.4167430772,0.9674491106,7.0958188153,25.2640748212,6.8458646617,0.8044929397,7.7521547772,6.9966073721,333.5136622043,16656.9961489089,3.6472583899,76.4038144141,142.3986796259,107.3354117,1228.5714285714,24.2984595635,4.3576013204,10.3012103429,1.6853108381,50.8756647717,4.1900788557,4.4305886668,78.709426004,10.0187969925,1.4319640565,32.9735925179,6.6628461397,1.0,18.5008252338
66,2020-04-03,USD,1.6693555865,1.813444599,5.2751970329,1.4185442745,0.9779323134,7.0909596662,25.5345387112,6.9252665739,0.8145572554,7.7538247566,7.0746407047,338.5720908669,16614.4459898006,3.6408901252,76.2318034307,144.3671766342,108.5767269356,1235.8089939731,24.6147426982,4.3584608252,10.4430227167,1.7082058414,50.815948076,4.2433936022,4.4790913306,76.7802503477,10.1548446917,1.4361613352,33.0097357441,6.7033843301,1.0,18.7892443208
67,2020-04-06,USD,1.6485960523,1.8124362895,5.2873691039,1.4159948105,0.9785932722,7.0910017607,25.5796497081,6.9187285701,0.8136409971,7.7519228987,7.0665369289,338.4672412195,16412.5011583727,3.6274673339,76.0874803077,144.1015661199,108.9241034195,1228.8388471875,25.1038828654,4.364470392,10.552775461,1.6865906774,50.6598091002,4.2297284774,4.479195626,76.4349921231,10.1740339172,1.434528774,32.8597905662,6.7774997683,1.0,18.8614586229
68,2020-04-07,USD,1.6148828663,1.7967845659,5.2069820854,1.4018373909,0.9721635278,7.055764814,25.0022967386,6.8603582912,0.8093063849,7.7520440974,7.0114836932,328.5438677079,16135.0022967386,3.5992650436,75.5645383555,142.6734037667,108.9113458888,1212.1175930179,24.2688102894,4.3424896647,10.1924666973,1.6683509417,50.4501607717,4.1668350942,4.4386770785,75.8543867708,9.9943040882,1.4240698209,32.7652733119,6.7581074874,1.0,18.3590261828
69,2020-04-08,USD,1.6186183424,1.799098519,5.2194830282,1.4012510349,0.9711158127,7.0663232453,25.0050593322,6.8659736915,0.80901481,7.7524606752,7.0126943243,330.5491675099,16222.9969644007,3.5924937908,76.2330972312,143.3170821452,108.8768282587,1218.2503909484,24.2265660933,4.3486339803,10.2971207801,1.6736270812,50.5721644743,4.1801122252,4.448992733,75.5262625333,10.0620918039,1.4273755864,32.7596357281,6.7885199154,1.0,18.1790083709
70,2020-04-09,USD,1.6052268335,1.7997607435,5.1491672035,1.4047115119,0.9715652894,7.058893899,24.7621238612,6.8700653354,0.805788166,7.7536578633,7.009754302,326.4562436735,15867.4979295114,3.5813932088,76.311309469,143.4618569983,108.8892978743,1216.9780068096,23.9551854238,4.3375356584,10.3195914236,1.668169688,50.5558111714,4.1949019969,4.4474095887,74.2523235484,10.0722370479,1.4244041594,32.8195454127,6.7390264102,1.0,18.0715008742
71,2020-04-14,USD,1.5633494481,1.7840007297,5.1614521573,1.3916811092,0.9616893186,7.0570099425,24.5042415397,6.8068047067,0.7958861625,7.7510717869,6.9442670802,319.8941895467,15715.6708930037,3.5829608684,76.1598102709,142.2056006568,107.3246374168,1215.4793395968,23.5779439934,4.3334853598,10.3181610873,1.6426160722,50.5819574934,4.147860987,4.4096506431,73.3305664508,9.9569460914,1.4157621089,32.7100246283,6.7930311046,1.0,18.2664416674
72,2020-04-15,USD,1.5866275337,1.7938182152,5.238558195,1.4060350362,0.9661561038,7.0620930019,24.755571861,6.8455470971,0.8014766578,7.7513528387,6.9797303494,321.2877189764,15776.5844263047,3.6147849216,76.5055489315,143.1716041456,107.4199761534,1220.3430248555,23.9201137302,4.3395395763,10.5019719343,1.671374851,50.7300742915,4.1622489223,4.4371273961,74.4790424654,10.0268733376,1.424653765,32.6799963313,6.8873704485,1.0,18.723012015
73,2020-04-16,USD,1.5857825129,1.796289493,5.2342027921,1.4106355621,0.9658339456,7.0711792799,24.8466201323,6.8533247612,0.800541881,7.7508265981,6.9810800882,321.0506980162,15695.9955914769,3.5894562821,76.8782145481,143.7362233652,107.5679647318,1225.6704628949,24.1494305658,4.3768368846,10.4835598824,1.672483468,50.8945628215,4.1594415871,4.4427810434,74.0457384276,10.0013776635,1.4271675239,32.659808964,6.9347905952,1.0,18.5867927994
74,2020-04-17,USD,1.573480663,1.8009208103,5.2300184162,1.4069981584,0.9682320442,7.0737569061,25.0119705341,6.8695211786,0.8009023941,7.7505524862,6.9719152855,323.9502762431,15585.6261510129,3.5900552486,76.479281768,144.1068139963,107.605893186,1216.8784530387,24.026335175,4.3699815838,10.3908839779,1.6614180479,50.9162062615,4.1606813996,4.4526703499,74.0009208103,9.9952117864,1.4223756906,32.5303867403,6.9043278085,1.0,18.750092081
75,2020-04-20,USD,1.5732044199,1.8009208103,5.291252302,1.4111418048,0.9685082873,7.073572744,25.1639042357,6.867771639,0.8042633517,7.7502762431,6.9523941068,326.4917127072,15535.0,3.5711786372,76.5593922652,144.4751381215,107.8360957643,1218.7108655617,24.04106814,4.3744935543,10.3773480663,1.6539594843,50.7605893186,4.1686924494,4.4546040516,74.5605893186,10.0021178637,1.4231123389,32.4898710866,6.926335175,1.0,18.7372007366
76,2020-04-21,USD,1.5932453631,1.8047430101,5.3168773646,1.420411553,0.9704715327,7.0949524776,25.3271200517,6.8821629602,0.8131401679,7.7500230691,6.9853280428,327.5998892682,15688.5023530497,3.5546738027,76.9364215189,145.6122543139,107.4005721141,1232.204484636,24.3570176248,4.3954969087,10.5973055274,1.6776783243,50.8406385531,4.1792931623,4.4636892129,76.8603857156,10.1082402879,1.4312078989,32.5449847744,6.9814524315,1.0,18.995386177
77,2020-04-22,USD,1.5826815128,1.7997607435,5.3249286832,1.4148339008,0.9683445293,7.0823594368,25.3372595933,6.8638078587,0.809054937,7.7500690163,6.9660439864,326.7783196834,15583.9974233919,3.5428361093,76.5330818073,145.9464433606,107.6746112082,1232.77813564,24.2840710408,4.3652341953,10.7458360173,1.6747952517,50.7002852673,4.1730928499,4.4530229134,76.5584798012,10.069292353,1.4270727892,32.369559216,6.9943866753,1.0,18.8104352627
78,2020-04-23,USD,1.5705532863,1.8156331229,5.4461567026,1.413479391,0.9757705162,7.0793724471,25.5764946157,6.9232268845,0.809506127,7.7505569996,7.0321203119,331.8882287412,15569.9962866691,3.5468808021,76.0675826216,147.233568511,107.454511697,1231.7118455254,24.4539546974,4.3600074267,10.6911437059,1.6660787226,50.66004456,4.2126810249,4.4954511697,74.8293724471,10.1079650947,1.4232268845,32.3199034534,6.9428147048,1.0,19.0709246194
79,2020-04-24,USD,1.5687962963,1.8109259259,5.5674074074,1.4049074074,0.974537037,7.0791666667,25.287037037,6.9052777778,0.8101666667,7.7505555556,6.9928703704,328.8796296296,15625.0,3.5171296296,76.2648148148,146.8518518519,107.6111111111,1233.8796296296,24.845462963,4.360462963,10.6282407407,1.6658333333,50.825,4.192962963,4.4832407407,74.4436111111,10.0669444444,1.4255555556,32.4351851852,6.9782407407,1.0,18.9832407407
80,2020-04-27,USD,1.5476409878,1.8022484335,5.5591596019,1.4057316624,0.9728160708,7.0825654257,25.0497604128,6.8734795429,0.8041190564,7.7500921489,6.9595466273,326.7323995577,15384.9981570217,3.5117029119,76.1329708809,146.3324732768,107.0954662735,1224.4931809805,24.9027828972,4.3540361224,10.5522484335,1.6488204939,50.6699225949,4.1731478069,4.4572429045,74.1730556579,10.0210099521,1.4182639145,32.4695908588,6.9825838555,1.0,18.8084224106
81,2020-04-28,USD,1.5384756826,1.7981060954,5.6085317643,1.3955134688,0.9732462995,7.0770433024,25.0317183047,6.8557506665,0.8005700101,7.7503907327,6.950445895,327.2409671784,15367.0037694217,3.5009653397,75.8683460513,146.6396984463,106.7022156845,1218.9022708467,24.3880665625,4.3625080445,10.3689436425,1.6508228372,50.5948331341,4.1801967454,4.4538935368,74.1805644939,9.8814011216,1.416475131,32.4354141767,6.9977935092,1.0,18.6552358187
82,2020-04-29,USD,1.5361556908,1.8039107176,5.4711307877,1.3954067515,0.9750046117,7.0764619074,25.018446781,6.8779745434,0.8059214167,7.7503228187,6.9765725881,327.9376498801,15321.0016602103,3.5102379635,75.6516325401,147.1130787678,106.548607268,1218.9540675152,24.1217487548,4.3475373547,10.3973436635,1.6446227633,50.5100534957,4.1912931194,4.4673491976,73.6220254566,9.9002029146,1.4152370411,32.420217672,6.988286294,1.0,18.4316546763
83,2020-04-30,USD,1.5261125414,1.7982714233,5.384792203,1.3862633321,0.9707613093,7.0490069879,24.9144906216,6.8576682604,0.7990529606,7.7510114013,6.9685546157,324.3104082383,14875.0,3.5002758367,75.0375137918,146.4692901802,106.5373299007,1207.3280617874,23.71763516,4.3000183891,10.2831923501,1.6278962854,50.3604266274,4.168444281,4.4530158146,73.4571533652,9.8049834498,1.4089738875,32.3795513056,6.9859323281,1.0,18.0739242369
84,2020-05-04,USD,1.5556571011,1.7874246024,5.5548345823,1.4065070371,0.9639919576,7.062237251,24.7843173094,6.819777006,0.8033083531,7.7534271614,6.9292633888,322.8568817401,15100.0,3.5259550356,75.6598428075,145.7685980625,106.7812100165,1224.6390056662,24.57155913,4.3160299762,10.3527691464,1.6526229209,50.6114055931,4.1736428441,4.4203984646,75.251690733,9.8805520015,1.416103089,32.3496618534,7.0308901481,1.0,18.6368122829
85,2020-05-05,USD,1.5516923361,1.8037443512,5.4944203634,1.4019182883,0.9706723232,7.0621599188,24.8805681085,6.8811214609,0.8029143226,7.7521903532,6.9846905838,323.0379046389,15100.0,3.5223646592,75.7571705248,146.9150604076,106.7140090381,1221.8113068339,23.8725444988,4.3045282671,10.3043438163,1.6517568938,50.5976205847,4.1792861754,4.4507977497,74.2149774048,9.8662731716,1.4164899013,32.3950936088,7.0889975099,1.0,18.3545144333
86,2020-05-06,USD,1.5773110021,1.8097529379,5.6348662904,1.4088091052,0.9743684649,7.0978995096,24.9717775516,6.9045988711,0.8073748496,7.7508096604,7.0037938373,323.4847783844,15044.9986120107,3.5082816693,75.8596280189,147.4044600722,106.0886462478,1224.650689368,24.103358934,4.3224761729,10.2618673082,1.650689368,50.5413158138,4.20042565,4.4631257518,74.7468307578,9.834181549,1.4189876932,32.3901175164,7.1414823725,1.0,18.5623207181
87,2020-05-07,USD,1.5491050728,1.8137809515,5.7749234907,1.4074932765,0.9765371418,7.0877306872,25.1859408328,6.9187610127,0.8112584624,7.7510896782,7.0170638969,323.9914680516,15044.9967541501,3.5130297691,75.8309375869,147.5470648243,106.565890754,1224.3160530465,24.1748122044,4.3244922563,10.2388018177,1.6526013169,50.5397384772,4.2165445609,4.4732449226,73.8014467217,9.8488361309,1.4191783363,32.4297505332,7.2143188352,1.0,18.6124455161
88,2020-05-08,USD,1.5321405515,1.8037443512,5.8170248086,1.3942635802,0.9710412248,7.0754403763,25.1323434474,6.8798303053,0.8072950291,7.7517292262,6.9697500692,322.217098589,14967.4997694365,3.5074241446,75.5893202988,146.1772572166,106.3727750623,1219.5978972609,23.8884994928,4.3340403947,10.2088905285,1.6294383473,50.4297703588,4.1945955916,4.4526422577,73.6311906299,9.7643641059,1.4134464632,32.2401549387,7.1245965139,1.0,18.442313013
89,2020-05-11,USD,1.543699187,1.8069105691,5.7918514412,1.3983739837,0.9718218773,7.0937730968,25.4988913525,6.8916297118,0.811853289,7.750646711,6.9890983001,323.2076866223,14968.8839615669,3.5173688101,75.8462675536,146.6186252772,107.3170731707,1224.6581670362,23.9468773097,4.3339800443,10.2050997783,1.645232816,50.3760162602,4.2120288248,4.4625831486,73.6309127864,9.7928677014,1.416759054,32.1849593496,7.0764966741,1.0,18.4405025868
90,2020-05-12,USD,1.5311291214,1.8012525327,5.7752808989,1.3978633266,0.9688708786,7.0853748388,25.2560324185,6.8683919691,0.8083717075,7.750414441,6.9674894087,323.0337078652,14803.499723706,3.5061705655,75.1455148278,146.1595137226,107.3494197826,1221.3759440044,23.7843986001,4.3264873826,10.178485909,1.6340025787,50.0902560324,4.1857616504,4.4484251243,73.1402652422,9.7594400442,1.4143488672,32.0998342236,6.9975133542,1.0,18.178485909
91,2020-05-13,USD,1.5344367816,1.7984367816,5.8488275862,1.4016551724,0.968091954,7.0898390805,25.2027586207,6.8557241379,0.8114482759,7.7504367816,6.9613793103,325.1310344828,14797.4804597701,3.5117241379,75.2942528736,145.5632183908,106.924137931,1223.9816091954,24.119908046,4.3255172414,10.0579310345,1.6536091954,50.1563218391,4.1964137931,4.4462528736,73.1855632184,9.7326896552,1.4142528736,32.0404597701,6.9757241379,1.0,18.3163218391
92,2020-05-14,USD,1.5571719792,1.8122683469,5.9233691623,1.4106745738,0.9740548554,7.1029466271,25.5476278725,6.9100259451,0.8200055597,7.7508339511,7.0172349889,328.6323202372,14950.7042253521,3.5404929577,75.6041512231,146.6827279466,107.0051890289,1231.6252779837,24.3207931801,4.3405300222,10.2481467754,1.6742031134,50.5846923647,4.2314677539,4.4824870274,74.1424203113,9.8608228317,1.4245737583,32.1302816901,6.9643254262,1.0,18.6839325426
93,2020-05-15,USD,1.5563067235,1.8112613447,5.850342656,1.4105389887,0.9736062234,7.108631228,25.5501018707,6.90646416,0.8218003334,7.7507871828,7.0099092425,328.4867568068,14935.9325801074,3.5356547509,75.9293387664,145.8603445082,106.9920355621,1234.1174291535,23.9827745879,4.3509909242,10.2396740137,1.6804037785,50.7297647713,4.2276347472,4.4823115392,73.7366178922,9.8809964808,1.425912206,32.0948323764,6.9169290609,1.0,18.5924245231
94,2020-05-18,USD,1.5450516987,1.8055760709,5.7884970458,1.4034342688,0.971288774,7.114844904,25.4892909897,6.8822008863,0.8230520679,7.7514771049,6.9774741507,326.2463072378,14842.5498522895,3.5377584934,75.8341026588,145.0332348597,107.3762924668,1230.0775480059,23.6647895126,4.3685376662,10.1239844904,1.670605613,50.8696454948,4.209379616,4.4671344165,72.8471196455,9.7953286558,1.4241137371,32.0199409158,6.8570901034,1.0,18.3634601182
95,2020-05-19,USD,1.5297716895,1.7861187215,5.6947031963,1.3927853881,0.9710502283,7.1064840183,25.1050228311,6.8093150685,0.8176712329,7.7506849315,6.9144292237,319.9543378995,14773.9726027397,3.5252054795,75.6652968037,142.9223744292,107.7625570776,1224.8310502283,23.6134246575,4.3454794521,9.9683105023,1.6442009132,50.7461187215,4.1561643836,4.4226484018,72.4967123288,9.6515981735,1.4167123288,31.9150684932,6.7989041096,1.0,18.2327853881
96,2020-05-20,USD,1.5197116262,1.7848147472,5.7178317211,1.3881182698,0.9658696842,7.1003832816,25.0319401351,6.804617631,0.8154590254,7.7501368863,6.9145829531,319.9580215368,14717.5031940135,3.5040153313,75.6191823325,142.8180324877,107.6382551561,1228.0616900894,23.4007118087,4.3515240007,9.9256251141,1.6297682059,50.5995619639,4.1468333638,4.4186895419,71.728508852,9.6338747947,1.4147654682,31.8196751232,6.7912940318,1.0,18.0236356999
97,2020-05-21,USD,1.5190909091,1.778,5.6847272727,1.3918181818,0.9661818182,7.1048181818,24.7381818182,6.7784545455,0.8176636364,7.7543636364,6.8913636364,316.9,14732.5,3.5144545455,75.5040909091,142.0909090909,107.6545454545,1231.4545454545,23.1857272727,4.3455454545,9.9118181818,1.6317272727,50.59,4.118,4.4020909091,70.8984545455,9.5727272727,1.4146363636,31.81,6.7982727273,1.0,17.8706363636
98,2020-05-22,USD,1.530997799,1.7936537051,5.581162876,1.40067865,0.9712949376,7.1347212032,24.9541452678,6.8395084373,0.8213774762,7.7559611152,6.9557043287,320.432868672,14901.9992663243,3.527054292,75.8680300807,143.3418928833,107.5385179751,1241.2967718269,22.9686353632,4.3625275128,10.0034849596,1.6388481291,50.76027146,4.1460931768,4.441947909,71.4544203962,9.663701394,1.4234225972,31.8947175348,6.8073184153,1.0,17.6518708731
99,2020-05-25,USD,1.5286892759,1.7926672777,5.5218148488,1.3988084326,0.9713107241,7.1362053162,25.0,6.8348304308,0.8204857929,7.7542621448,6.9518790101,321.4665444546,14710.0,3.522456462,75.8868010999,142.3464711274,107.6718606783,1241.6406966086,22.6721356554,4.3635197067,10.0236480293,1.6397800183,50.7626031164,4.1274977085,4.4381301558,71.7574702108,9.6691109074,1.4248395967,31.9798350137,6.8150320807,1.0,17.6725022915
100,2020-05-26,USD,1.5069703872,1.7820501139,5.3862414579,1.3835079727,0.9658314351,7.131571754,24.667881549,6.7934396355,0.8098223235,7.7519817768,6.9102505695,318.5421412301,14754.9977220957,3.5118906606,75.5599088838,140.410022779,107.444191344,1232.1002277904,22.150523918,4.3634624146,9.9264692483,1.6143052392,50.4400911162,4.0552164009,4.413667426,70.8422779043,9.6184965831,1.4177676538,31.8797266515,6.7438724374,1.0,17.3712984055
101,2020-05-27,USD,1.5071422073,1.7794559185,5.3388226731,1.3762169047,0.9712492039,7.1587662633,24.6119552361,6.7858247657,0.8151669548,7.7521608589,6.9050131926,317.2595760167,14709.9990901647,3.5038668001,75.7392411973,137.5671003548,107.8882722227,1236.5025930307,22.3269948139,4.3474661086,9.8519697935,1.6121372032,50.648712583,4.037121281,4.4066054044,71.066872896,9.6085888454,1.4182512965,31.8951869712,6.7820944409,1.0,17.4212537531
102,2020-05-28,USD,1.5090777052,1.7754175744,5.3100036311,1.3757262164,0.9697712418,7.1535947712,24.5252360203,6.7668845316,0.8145243282,7.7529956427,6.8899782135,317.4836601307,14714.9963689179,3.5085330428,75.7657044299,136.8917937545,107.734204793,1237.9811183733,22.2930283224,4.3554829339,9.8541212781,1.6136528686,50.6463326071,4.0161583152,4.3967864924,70.746459695,9.5751633987,1.4180283224,31.8700072622,6.8148148148,1.0,17.4274691358
103,2020-05-29,USD,1.4979346264,1.7562859195,5.3568606322,1.3721264368,0.9626436782,7.1350574713,24.1747485632,6.6937859195,0.8089798851,7.7538613506,6.8130387931,313.1555316092,14610.003591954,3.5079920977,75.5230783046,135.4166666667,107.1210488506,1235.8207614943,22.0635775862,4.3475215517,9.6875,1.6040768678,50.4947916667,3.9955998563,4.3546156609,70.4396551724,9.4172054598,1.4109195402,31.8103448276,6.8337823276,1.0,17.4424389368
104,2020-06-01,USD,1.4832673624,1.7594458438,5.3324937028,1.3699172364,0.9613170205,7.1362900324,24.1624685139,6.706459158,0.8067020511,7.7514393667,6.8275458798,310.7682619647,14610.0035984167,3.5036883771,75.5109751709,135.8402302987,107.7275998561,1227.4559193955,21.9971212666,4.3184598777,9.705829435,1.60345448,50.3301547319,3.9832673624,4.3574127384,69.663368118,9.4130082764,1.4095897805,31.6696653472,6.8138718964,1.0,17.4516912558
105,2020-06-02,USD,1.4596384464,1.7503132271,5.3247717917,1.3518883122,0.9612493288,7.106944693,23.845534276,6.6709325219,0.7972346519,7.7509396814,6.7879004833,309.3520672991,14414.9991050653,3.4780741006,75.2094147127,135.1351351351,108.1349561482,1221.0667621264,21.8764990156,4.2775192411,9.5577232862,1.5822444962,50.1798818686,3.9370860927,4.3335421514,68.7310721317,9.3538571684,1.4021836406,31.5652407374,6.7744764632,1.0,17.2503132271
106,2020-06-03,USD,1.4543505449,1.7471859925,5.1807218153,1.3554582812,0.9641772378,7.1108629623,23.8163301769,6.6595497588,0.7956494551,7.7503126675,6.7643380382,308.9958906557,14190.9505092014,3.4633732357,75.4917813114,134.8936930498,108.5760228694,1218.5903162408,21.6876898338,4.2614793639,9.5387707701,1.5661961765,49.9580132214,3.9427371806,4.3231195283,68.7917634447,9.3432195819,1.3986063963,31.5695908522,6.7628193675,1.0,17.0487761301
107,2020-06-04,USD,1.4467555556,1.7384888889,5.0656888889,1.3513777778,0.9587555556,7.1169777778,23.6648888889,6.6272888889,0.7972,7.7501333333,6.7311111111,306.5777777778,14095.0044444444,3.4727111111,75.4951111111,132.0,108.8711111111,1216.6488888889,21.7565333333,4.2735111111,9.4264888889,1.5564444444,49.8746666667,3.9441777778,4.2998222222,69.1672888889,9.2597333333,1.4007111111,31.5902222222,6.7438222222,1.0,16.8941333333
108,2020-06-05,USD,1.4322153575,1.7262135922,5.059929391,1.3448367167,0.9590467785,7.0917034422,23.4677846425,6.5811120918,0.7894792586,7.7501323919,6.6827007944,304.1659311562,14018.0052956752,3.4573698147,75.5781112092,131.4210061783,109.2409532215,1205.2691968226,21.7533980583,4.2669902913,9.3030008826,1.5350397176,49.8296557811,3.9210061783,4.2702559576,68.6809355693,9.2012356575,1.392321271,31.4651368049,6.7737864078,1.0,16.8422771403
109,2020-06-08,USD,1.4316349136,1.7330970315,4.935932654,1.3403633141,0.9624280018,7.074523704,23.5578201152,6.606557377,0.7901905184,7.7501107665,6.7035888347,304.9712007089,14014.5502879929,3.4480283562,75.5347806823,132.4767390341,109.3575542756,1199.1138679663,21.552503323,4.267523261,9.2692069118,1.5322108994,49.8901196278,3.9284891449,4.2852459016,68.2820558263,9.2138236597,1.3912272929,31.4346477625,6.7854674346,1.0,16.8186973859
110,2020-06-09,USD,1.440322295,1.7317159554,4.8648840092,1.3446962989,0.9536036834,7.0856206835,23.5824331503,6.6024437755,0.789091553,7.7501328139,6.7043562954,305.4719319993,14093.5009739685,3.4508588631,75.5343545245,132.548255711,108.1459181866,1198.2468567381,21.7607579246,4.2754559943,9.3339826457,1.5384274836,50.0451567204,3.9369576766,4.2823623163,68.8319461661,9.2250752612,1.3908269878,31.3600141668,6.8052948468,1.0,16.7287940499
111,2020-06-10,USD,1.4259340659,1.7193846154,4.8538901099,1.3387252747,0.9461098901,7.0597802198,23.3925274725,6.5541098901,0.7820923077,7.7500659341,6.6540659341,301.6527472527,14085.3010989011,3.4325274725,75.5191208791,132.4835164835,107.3934065934,1188.7208791209,21.8246153846,4.2515164835,9.2644395604,1.5258901099,49.9050549451,3.9141978022,4.2504615385,68.7004835165,9.196043956,1.3842637363,31.1402197802,6.781978022,1.0,16.5605274725
112,2020-06-11,USD,1.4470391258,1.7234755023,4.9762953824,1.3501057455,0.9426330631,7.0717307014,23.5098695805,6.5693514276,0.7901392316,7.7502643638,6.6685759605,303.8861473387,14014.9982375749,3.4528551287,75.8345082834,133.6799436024,107.0849488897,1197.726471625,22.3989249207,4.2494712725,9.4465985196,1.5447655975,50.1313006697,3.941575608,4.2602220656,69.1706908706,9.2543179415,1.3886147339,30.9499471272,6.8197920338,1.0,16.8639407825
113,2020-06-12,USD,1.4549716914,1.7301840057,5.0767869781,1.357661005,0.9463021939,7.0762561925,23.6181882519,6.59509908,0.7931086341,7.7500884643,6.6932059448,306.0863411182,14205.8032554848,3.4668259023,75.8912774239,134.5541401274,107.2717622081,1203.5120311394,22.5097310686,4.2675159236,9.5961606511,1.5528131635,50.2149681529,3.9352441614,4.2766277424,69.6799363057,9.2978591649,1.3904812456,30.9501061571,6.8315640481,1.0,17.055378627
114,2020-06-15,USD,1.4641428952,1.7380254154,5.1585355016,1.3633697681,0.9489913801,7.0949968897,23.7118990491,6.6256998134,0.7966586688,7.7500222163,6.715542522,308.4155336355,14253.6034835155,3.4966675553,76.004176664,134.8084955123,107.3758108949,1213.9696081045,22.5804674309,4.277970319,9.6768861637,1.5525637608,50.344796943,3.9413489736,4.2952990314,70.0716253444,9.3657691282,1.3944725851,31.1099262419,6.8396871945,1.0,17.1705323025
115,2020-06-16,USD,1.4435797665,1.7295719844,5.0978952954,1.3547930669,0.947736116,7.0782631765,23.4913335692,6.5936505129,0.7903254333,7.7497347011,6.6744782455,305.5359037849,14130.049522462,3.4704633888,76.0948001415,135.1344181111,107.348779625,1210.744605589,22.0800318359,4.2750265299,9.4967279802,1.5452776795,50.1096568801,3.9151043509,4.2765298903,69.3659356208,9.2974885037,1.3895472232,31.1107180757,6.8484258932,1.0,17.0249380969
116,2020-06-17,USD,1.4504985755,1.7412749288,5.2102029915,1.3536324786,0.9498753561,7.0870726496,23.6476139601,6.6381766382,0.7963675214,7.7500890313,6.7183048433,306.712962963,14198.7535612536,3.4496972934,76.166755698,135.6837606838,107.4163105413,1212.7938034188,22.2058404558,4.2819622507,9.5308048433,1.5487001425,50.1006054131,3.9589565527,4.3051103989,69.6094195157,9.359241453,1.3933404558,31.2099358974,6.8564814815,1.0,17.119747151
117,2020-06-18,USD,1.4574942078,1.7428265906,5.3232935306,1.3560862591,0.9505435751,7.0883086794,23.7827481732,6.6437355195,0.802245589,7.750133666,6.7245589022,308.2694706826,14085.0026733203,3.4584744252,76.3437889859,136.7848868294,106.9328105507,1211.2457672429,22.5118517198,4.2780253074,9.5422384602,1.5523079665,50.1710924969,3.9785243272,4.3123329175,69.6901621814,9.4034040278,1.3938691855,31.1245767243,6.8586704687,1.0,17.4063446801
118,2020-06-19,USD,1.4505798394,1.7446922391,5.3549509367,1.356735058,0.9505798394,7.0768956289,23.8028545941,6.6506690455,0.8073595004,7.7510258698,6.7497769848,308.1534344335,14208.4478144514,3.4451382694,76.139161463,137.9125780553,106.8421052632,1207.4308652988,22.5803746655,4.268867083,9.5570918822,1.5524531668,50.0740410348,3.9710972346,4.3200713649,69.274308653,9.4264049955,1.3936663693,31.0124888492,6.8587867975,1.0,17.3452274755
119,2020-06-22,USD,1.4529563899,1.7442254526,5.2838669402,1.3564612503,0.9501471506,7.0764291447,23.7947025774,6.6479086774,0.8055649692,7.7501114777,6.771247659,309.1055025417,14259.0029430126,3.4488540087,76.0354053331,138.3215910104,106.9205386605,1214.0372781593,22.5018282351,4.2804780166,9.6303397842,1.5473111567,50.120395969,3.9679835905,4.3183804513,69.4550075805,9.4109515741,1.3947204138,30.9997324534,6.8517791849,1.0,17.3973958798
120,2020-06-23,USD,1.4377098427,1.728043824,5.2134652766,1.3490899452,0.9458384874,7.0634387701,23.5129881605,6.585704188,0.8007598516,7.7501325322,6.6946456971,309.6218413147,14160.0017670967,3.4288743594,75.4886022265,138.5403781587,106.9535253578,1207.3776285563,22.3093302704,4.2754903693,9.4844495494,1.5365789009,50.0839370914,3.9203922955,4.2797314013,68.6935854391,9.2927195618,1.3909701361,30.9197738116,6.8582788479,1.0,17.2043647288
121,2020-06-24,USD,1.4487588652,1.7338652482,5.1792553191,1.3591312057,0.9467198582,7.0719858156,23.6994680851,6.6072695035,0.8009131206,7.7500886525,6.7149822695,311.6843971631,14168.5017730496,3.4300531915,75.6458333333,139.2730496454,106.6489361702,1202.4734042553,22.5862588652,4.2725177305,9.5707446809,1.5560283688,50.0469858156,3.9432624113,4.2937056738,69.1559397163,9.3213652482,1.3890070922,30.8404255319,6.854787234,1.0,17.3106382979
122,2020-06-25,USD,1.4572321429,1.74625,5.3582142857,1.3644642857,0.9497321429,7.0719642857,23.925,6.6548214286,0.8047589286,7.7504464286,6.75625,316.3839285714,14275.0,3.4415178571,75.6357142857,138.9285714286,107.3660714286,1203.3303571429,22.8852678571,4.2780357143,9.7096428571,1.559375,50.0669642857,3.986875,4.3232142857,69.4210714286,9.3629464286,1.3928571429,30.9348214286,6.855,1.0,17.4002678571
123,2020-06-26,USD,1.4548292161,1.7442254526,5.4039953625,1.3660929279,0.94809596,7.0719700348,23.9079639704,6.6461250334,0.8077677696,7.7502898421,6.739944707,316.7305805761,14220.003567288,3.4308392045,75.6456791224,138.2324088112,106.9562115402,1200.5618478552,22.816017123,4.2910015161,9.7074823865,1.5542673682,49.9892981361,3.9850173905,4.3187371801,69.4550967627,9.3438865602,1.3919557656,30.9230357621,6.854989744,1.0,17.2834210292
124,2020-06-29,USD,1.4539170507,1.7332506203,5.4151896491,1.3655618575,0.9454980503,7.0755937611,23.7929812123,6.6050159518,0.8112371499,7.7504431053,6.7077277561,315.7568238213,14368.202764977,3.4336228288,75.4980503368,137.7171215881,107.2935129387,1198.8745125842,22.973236441,4.2850053173,9.6608472173,1.5537929812,49.8564338887,3.9581708614,4.2928039702,69.9369904289,9.2857142857,1.3920595533,30.8800070897,6.8549273307,1.0,17.2157036512
125,2020-06-30,USD,1.4595463476,1.7465618861,5.4579389177,1.3684586533,0.9511519914,7.0743882836,23.8792641543,6.6552955885,0.8148151456,7.7503125558,6.7608501518,318.4318628326,14452.9469548134,3.4667797821,75.5701911056,138.7747812109,107.7513841757,1201.8485443829,23.1711019825,4.2854974103,9.7445972495,1.5609930345,49.8606894088,3.9792820146,4.3219324879,71.110912663,9.3720307198,1.3973923915,30.9198071084,6.8548848009,1.0,17.362475442
126,2020-07-01,USD,1.4525,1.74625,5.4428571429,1.3586607143,0.9482142857,7.0670535714,23.8125,6.6542857143,0.8074107143,7.7507142857,6.7540178571,316.5178571429,14265.0,3.4557142857,75.5553571429,138.9285714286,107.4196428571,1203.4285714286,22.946875,4.2865178571,9.6192857143,1.5501785714,49.8133928571,3.980625,4.3183928571,71.1422321429,9.371875,1.3955357143,30.9901785714,6.8550892857,1.0,17.2263392857
127,2020-07-02,USD,1.4439128123,1.7329434698,5.3006379585,1.3594719121,0.9434697856,7.0670742513,23.5973772816,6.6016303385,0.7994417863,7.7502215134,6.6990076201,311.5275562644,14378.5043416622,3.4470139996,74.7421584264,138.4015594542,107.4251284778,1199.6278575226,22.6262626263,4.2854864434,9.469519759,1.5326067694,49.6881091618,3.9642034379,4.2845117845,70.3911040227,9.2712209817,1.3934077618,31.0597200071,6.8552188552,1.0,16.9193691299
128,2020-07-03,USD,1.4411083393,1.7425160371,5.3561119031,1.3571810406,0.9464540271,7.0661083393,23.7571275837,6.6389878831,0.8029223093,7.7500890948,6.732893799,314.1037063435,14509.9964362081,3.4361190306,74.6801496793,139.2551674982,107.5196008553,1199.6970776907,22.5453492516,4.2875089095,9.5130969351,1.5327868852,49.4796863863,3.9813791875,4.3095153243,71.4676585887,9.3295616536,1.3946899501,31.1101211689,6.8564682823,1.0,17.0849073414
129,2020-07-06,USD,1.4331125828,1.7269757174,5.2754966887,1.3539072848,0.9396909492,7.0196909492,23.5805739514,6.5797792494,0.7991611479,7.7500220751,6.6763796909,311.5496688742,14417.6600441501,3.4430022075,74.5726269316,138.8079470199,107.53200883,1192.5033112583,22.1816335541,4.2773509934,9.3790728477,1.5269757174,49.3342163355,3.9460485651,4.2715231788,71.85598234,9.2581015453,1.3909933775,31.0445916115,6.8647240618,1.0,17.0208388521
130,2020-07-07,USD,1.4403011515,1.7323294951,5.3765279008,1.3566873339,0.9426926484,7.0227635075,23.6324180691,6.6007085917,0.7984942427,7.7501328609,6.6864481842,313.215234721,14440.0,3.449955713,74.8135518158,139.0611160319,107.7147918512,1194.9158547387,22.5654561559,4.2744906997,9.4267493357,1.5287865368,49.5057573074,3.9577502214,4.2863596103,71.6464127547,9.26085031,1.3951284322,31.2329495128,6.865190434,1.0,17.0866253322
131,2020-07-08,USD,1.4391281233,1.7329434698,5.3552188552,1.3590288853,0.9413432571,7.0142654616,23.7001594896,6.6004784689,0.7967659047,7.750132908,6.6795144427,314.9831649832,14414.3186248449,3.4510898458,75.0004430268,139.4648236754,107.5580365054,1195.1621477937,22.7213361687,4.2724614567,9.4705830232,1.5272904483,49.5286195286,3.9664185717,4.2892078682,71.2904483431,9.2424242424,1.3950912635,31.2351586036,6.8649654439,1.0,16.9792663477
132,2020-07-09,USD,1.4317580674,1.7243872333,5.3359195909,1.3502027861,0.9375771469,6.9855404691,23.4720507847,6.5687709399,0.7904690531,7.7500440839,6.6447716452,312.3346852407,14395.0008816787,3.4389878328,74.982807265,139.922412273,107.2738494093,1194.1015693881,22.6578204902,4.2624757538,9.3610474343,1.518515253,49.4286721919,3.9371363075,4.2680303297,70.5717686475,9.1668136131,1.3907600071,31.1946746606,6.8634279668,1.0,16.8128196085
133,2020-07-10,USD,1.4408478184,1.7344803122,5.3823164243,1.3600567577,0.9422667613,7.0017736786,23.6706278822,6.6054451933,0.7943419652,7.7506207875,6.6818907414,313.6750620788,14435.0035473572,3.459205392,75.2403334516,141.0074494502,106.8463994324,1201.4012061015,22.7876019865,4.2664952111,9.5036360411,1.5243880809,49.4803121674,3.9679851011,4.2947853849,71.1337353672,9.2213550905,1.3926037602,31.3196168854,6.8656438453,1.0,16.9287868038
134,2020-07-13,USD,1.4341954277,1.7263659635,5.3397475505,1.3563421308,0.9431547356,7.0005296143,23.5219348574,6.5714537912,0.7938741283,7.7508164887,6.6501897784,312.3223585489,14424.9977932739,3.4447877129,75.2193485745,140.7008562097,107.1586194722,1201.6682849325,22.4959837585,4.2639244417,9.4138935475,1.5205225527,49.428899285,3.9507458734,4.2760173007,70.7449907318,9.1652396505,1.3896195604,31.3902374437,6.8694500839,1.0,16.7469326507
135,2020-07-14,USD,1.4371868132,1.7193846154,5.356043956,1.3615824176,0.9398681319,7.0158241758,23.418021978,6.5447912088,0.7980483516,7.7512967033,6.6193406593,312.5098901099,14450.0043956044,3.4366593407,75.4043956044,140.1318681319,107.4021978022,1206.1362637363,22.6270769231,4.2714725275,9.4162637363,1.5311648352,49.4989010989,3.9367912088,4.258021978,71.0654945055,9.1301098901,1.3930549451,31.5797802198,6.8669010989,1.0,16.7676483516
136,2020-07-15,USD,1.4237154841,1.7090178259,5.3225270884,1.3567808459,0.9422404754,6.9883781894,23.232261447,6.5069031807,0.7911569381,7.7523593149,6.5805662356,308.6770360014,14587.5043691017,3.4292205523,75.1232086683,140.4229290458,106.8245368752,1200.2359314925,22.2613596645,4.2624956309,9.2865256903,1.5201852499,49.4442502621,3.9049283467,4.2326983572,70.8203425376,9.0412443202,1.3879762321,31.489863684,6.8654316672,1.0,16.520534778
137,2020-07-16,USD,1.431400035,1.7135097249,5.3578062029,1.3537760645,0.945067461,6.9967583669,23.3861923953,6.522866655,0.7961713685,7.7545120028,6.6020676362,310.2155247941,14625.0043805852,3.4349921149,75.2194673208,140.178727878,107.0965480988,1203.5570352199,22.3454529525,4.2715086736,9.2998072542,1.5278605222,49.4997371649,3.9362186788,4.2432977046,71.1308918872,9.0678114596,1.3919747678,31.6698790958,6.8617487296,1.0,16.6620816541
138,2020-07-17,USD,1.4315715786,1.7114105705,5.3236786839,1.3571928596,0.9409345467,6.9981624081,23.3479173959,6.5149632482,0.7969723486,7.7543752188,6.596079804,309.5204760238,14695.003500175,3.4348092405,74.9649982499,140.1820091005,107.2191109555,1204.5414770739,22.4126706335,4.2634756738,9.2750262513,1.5280889044,49.4495974799,3.9225586279,4.2371368568,71.6143682184,9.0418270914,1.3901820091,31.7098354918,6.861480574,1.0,16.6692334617
139,2020-07-20,USD,1.4289832285,1.7084206848,5.3703703704,1.356743536,0.9378057303,6.9874213836,23.2337526205,6.5059399022,0.7911862334,7.7519217331,6.5810621943,307.9664570231,14785.00174703,3.4310796646,74.803895877,139.9371069182,107.1191474493,1202.891334731,22.5556429071,4.2624912648,9.2645003494,1.5229734451,49.3535988819,3.8951781971,4.2293850454,71.5190426275,8.9980782669,1.3896750524,31.7749825297,6.857791754,1.0,16.7198637317
140,2020-07-21,USD,1.4116927379,1.7091671764,5.2797343354,1.3457135367,0.9385650616,6.9896006292,23.0962160273,6.5060735821,0.7869876781,7.7518133357,6.5804421917,306.4231407848,14707.6815520405,3.4258498645,74.6137376562,139.2117451717,107.2271257537,1195.4557371319,22.3638905881,4.2614698943,9.1700602989,1.5122782487,49.3358385039,3.8767805645,4.2289609368,70.8584287337,8.9478283667,1.3887092546,31.6298173556,6.8486410906,1.0,16.4996941362
141,2020-07-22,USD,1.3939367766,1.6892382104,5.1753325272,1.3422007255,0.9315080325,6.995940577,22.7716358611,6.429607877,0.7870357575,7.7509932631,6.496804284,301.666954569,14569.0015546727,3.4220936258,74.5275522543,136.2929694248,107.0478493695,1195.6987389877,22.3453964415,4.252461565,9.0985489722,1.4966315426,49.3263085162,3.825185697,4.1814648471,70.7883917775,8.8456555536,1.3832268095,31.5650371394,6.8491103818,1.0,16.3689756435
142,2020-07-23,USD,1.404270032,1.6905523381,5.1451292247,1.3385772323,0.9275650445,7.0063964042,22.7694701357,6.4334860403,0.7882703777,7.7514046158,6.5014262253,300.2074509465,14649.4943383179,3.4194831014,74.8353358112,136.3989973204,107.1657014435,1200.890310312,22.4466246002,4.2585357421,9.1687267698,1.5026363558,49.4442043392,3.8154550955,4.1797043824,71.3737574553,8.8719854784,1.3858587605,31.7097415507,6.8483879333,1.0,16.6136226122
143,2020-07-24,USD,1.4107512061,1.6848725017,5.2357856651,1.3420055134,0.9243625086,7.0169710544,22.6292212267,6.4126464507,0.7838128877,7.7513783598,6.4757064094,298.9145416954,14629.5658166782,3.4150585803,74.8328738801,135.9407305307,106.2715368711,1203.3339076499,22.4676085458,4.2644727774,9.213731909,1.5080978635,49.3762922123,3.794452102,4.1630771881,71.8416609235,8.8464851826,1.3855099931,31.7203652653,6.8483804273,1.0,16.7427636113
144,2020-07-27,USD,1.4006802721,1.6630952381,5.1801870748,1.3375,0.9215986395,7.0020408163,22.2729591837,6.3295918367,0.7767006803,7.7511904762,6.3914115646,294.1411564626,14520.0,3.4135204082,74.7321428571,134.693877551,105.3401360544,1196.556122449,22.1159013605,4.2524659864,9.0716836735,1.4970238095,49.1641156463,3.7428571429,4.1073979592,71.4865646259,8.731122449,1.3789115646,31.5051020408,6.8496598639,1.0,16.443877551
145,2020-07-28,USD,1.4006998378,1.6691986003,5.1762396518,1.3393360075,0.9181531109,7.0018776137,22.4041990271,6.3522232653,0.7763762055,7.7502773748,6.4069301016,296.1338226508,14535.0004267304,3.4156354016,74.8604591619,135.3588802595,105.2658530341,1200.0768114705,22.056669796,4.2525390458,9.1269096185,1.5046513613,49.2139626184,3.7598361355,4.1269096185,72.4087223692,8.7752837757,1.3798753947,31.509772126,6.9371852863,1.0,16.5840232141
146,2020-07-29,USD,1.3942857143,1.6680597015,5.129978678,1.3360341151,0.9182089552,6.9993176972,22.4230277186,6.3477185501,0.7708742004,7.750021322,6.3914712154,296.5202558635,14535.0021321962,3.4102345416,74.7923240938,135.6076759062,105.1428571429,1194.2174840085,21.8601279318,4.2434968017,9.0893816631,1.5044776119,49.0729211087,3.7692110874,4.1232409382,72.4200426439,8.7735607676,1.3767164179,31.4703624733,6.9721108742,1.0,16.4834968017
147,2020-07-30,USD,1.4004939113,1.6655028528,5.2106787022,1.3430128587,0.9149280422,7.0033211275,22.3520395129,6.3379034318,0.7686962446,7.7502341821,6.376564762,294.3029890147,14600.0,3.401771268,74.8871668228,135.5701268841,105.2371625649,1195.7421442562,22.1494507366,4.239461807,9.1299497573,1.5095801754,49.1203270033,3.7537256238,4.1146214766,73.7659030912,8.7769735161,1.3762241335,31.4400068126,6.9810099634,1.0,16.7819126288
148,2020-07-31,USD,1.3916272789,1.6507427414,5.1670324105,1.3418298447,0.9089297772,6.9747636732,22.0923362593,6.2830857529,0.76006921,7.7502532073,6.3145678596,291.1461850101,14655.6380823768,3.40243079,74.8105165429,135.043889264,104.9206617151,1189.7029034436,22.179270763,4.2395340986,9.0583220797,1.4999155976,49.0580688724,3.7165766374,4.0779034436,74.0124915598,8.6795239703,1.3711174882,31.1850101283,6.9712187711,1.0,16.9615124916
149,2020-08-03,USD,1.4078117005,1.6679174484,5.2340951731,1.343595429,0.9196657002,6.9844789357,22.4449940304,6.3505031554,0.7676360225,7.7504690432,6.375149241,294.831997271,14714.3100801637,3.4159986355,75.2008357496,136.4489169367,106.1828415487,1195.0025584172,22.4023537438,4.2214736483,9.1410540679,1.5095514242,49.1037011769,3.769486611,4.1237421115,73.8545113423,8.7803172437,1.3770254136,31.2502132014,6.9814088351,1.0,17.2929387685
150,2020-08-04,USD,1.402039949,1.6623884403,5.3330216745,1.3406714832,0.9146621334,6.9831704207,22.2872928177,6.3291117722,0.7678283043,7.7500212495,6.3478963026,293.0131746706,14684.9978750531,3.4247343816,75.1215469613,135.996600085,106.0603484913,1195.4866128347,22.7285167871,4.2204844879,9.1430514237,1.5135571611,49.1066723332,3.7445813855,4.1103272418,73.7165320867,8.7569060773,1.3765405865,31.1160220994,6.9689757756,1.0,17.414279643
151,2020-08-05,USD,1.3847646364,1.6499072043,5.2565378775,1.324700523,0.9085540746,6.9408638434,22.0153534672,6.285473258,0.7614729205,7.7502108993,6.3002362072,290.61920027,14550.0,3.4078791969,74.8346549688,135.1442551038,105.7617681795,1185.878184579,22.534587481,4.1925088578,8.9914796693,1.5023620719,49.0298633373,3.7063438502,4.0783701704,72.8608064788,8.6776615488,1.3689893707,31.0097857263,7.0280917834,1.0,17.2280242956
152,2020-08-06,USD,1.3925525627,1.651439669,5.3483070168,1.3297306426,0.9084691379,6.9513636747,22.1244617073,6.2906358186,0.7602212277,7.7502322047,6.3058346703,292.34991134,14611.1627121506,3.4036139492,74.9514481128,135.2697796167,105.5138056236,1186.3463649413,22.4731909145,4.1884657604,8.9958625348,1.5053618171,49.0889132821,3.7214388246,4.0834248079,73.4037828253,8.7110529427,1.3709364181,31.1002279828,7.2492611669,1.0,17.533986321
153,2020-08-07,USD,1.3880849623,1.6550731996,5.3544892951,1.3345180672,0.914276043,6.9592959296,22.2383007532,6.3030379961,0.7647710925,7.7502750275,6.312515867,292.7392739274,14670.0008462385,3.4066175848,75.0046543116,135.9058982821,105.7036472878,1186.3417110942,22.4360666836,4.187526445,9.0067699078,1.5051197427,49.0462892443,3.7303037996,4.0935939748,73.6018447999,8.7300499281,1.3711601929,31.1551155116,7.1946348481,1.0,17.5244139799
154,2020-08-10,USD,1.398027714,1.6626710873,5.4150301794,1.3380090113,0.917283006,6.9712658335,22.2587775227,6.3316330868,0.7664286322,7.7502337839,6.3613023888,293.4540508374,14639.9982997535,3.4110346,74.9064864405,136.5297968205,106.0443764346,1187.0101164669,22.3622375244,4.1955283516,9.0359602142,1.5166199099,49.1260732806,3.7423276375,4.1111961234,73.6337668962,8.7396922554,1.3736291762,31.1400153022,7.3157357817,1.0,17.7209895435
155,2020-08-11,USD,1.3923449037,1.6598489349,5.4373249597,1.328693881,0.9117372486,6.9470423491,22.1972333022,6.3200373419,0.7624798438,7.7501485191,6.3477043198,292.820164644,14722.9058813545,3.4019349911,74.5667487058,136.7223966732,106.0595773572,1182.882118306,22.3226682509,4.1924806925,8.9669863362,1.5134515828,48.8967156072,3.7357209539,4.103793601,72.7198506323,8.727403887,1.3709581601,31.0600016974,7.2485784605,1.0,17.5051345158
156,2020-08-12,USD,1.4029394274,1.6615410755,5.4185710645,1.3290289695,0.9136861779,6.945714043,22.1875796449,6.3267351967,0.7686262849,7.7509132614,6.3618214255,293.2206269646,14760.003398182,3.4067623821,74.8033302183,136.8617789483,106.9747684989,1184.1984538272,22.3754141534,4.1935264633,8.9595616345,1.528927024,48.9601563164,3.74080367,4.1080621867,73.3168804689,8.708945714,1.3733752442,31.1103559596,7.3123778778,1.0,17.4239232011
157,2020-08-13,USD,1.3962646835,1.6528352911,5.3888278543,1.3214738443,0.9113496155,6.9455759317,22.0780867067,6.2937547537,0.7637370067,7.7502746556,6.3487703879,291.4983520663,14839.0095495648,3.4032789656,74.8449252092,136.1446801318,106.9720273811,1185.0080283952,22.3419251247,4.1925124651,8.8859967886,1.5247190062,48.8194033635,3.7157103017,4.0858615736,73.6760753824,8.6831741739,1.3716724415,31.0496070312,7.3349108426,1.0,17.4431674132
158,2020-08-14,USD,1.398882587,1.655633624,5.3965969694,1.3247269957,0.9103530009,6.9499703716,22.1095403369,6.3040717853,0.7633370016,7.7503597731,6.3790739016,292.9907728773,14908.9985609075,3.4055701346,74.8903750106,136.3751798866,106.6706171167,1186.9211885211,22.1812410057,4.1935156184,8.9226276136,1.5297553543,48.7200541776,3.7233556252,4.0937949716,73.2963684077,8.713535935,1.3721323965,31.1097942944,7.3773808516,1.0,17.4486582579
159,2020-08-17,USD,1.3907871425,1.6500464018,5.4134818189,1.3232093141,0.9082088923,6.9401839197,22.0534885683,6.282797604,0.7645743694,7.7502741922,6.3528220704,294.0437020164,14881.0005905678,3.4086729098,74.8245169999,136.2524255463,106.2937652915,1186.0879102337,22.0133299587,4.1920188982,8.8686408504,1.5337045474,48.6737534801,3.7092719143,4.0785455159,73.5256896988,8.6988947946,1.3698641694,31.2098202987,7.3952585843,1.0,17.4440226103
160,2020-08-18,USD,1.3814043339,1.6427011591,5.4407861582,1.3163111036,0.9048378969,6.9214681673,21.9502771712,6.2544935327,0.7590710566,7.7502099782,6.3242062825,293.8434402822,14845.0025197379,3.4022341676,74.650596338,135.8978666219,105.4426339661,1184.3440282211,22.0582899378,4.1825130186,8.819922728,1.5218377289,48.5503107677,3.6846967915,4.0613976146,73.116999832,8.6678985386,1.3648580548,31.1196035612,7.3932471023,1.0,17.3987905258
161,2020-08-19,USD,1.3766864996,1.6389843292,5.4567166681,1.3146735942,0.9059750272,6.9112545043,21.8872035532,6.2392524931,0.7571021537,7.7501885528,6.3125785636,293.1282996732,14770.9963965474,3.3998994385,74.8479007794,135.7579820665,105.3716584262,1178.2200620129,22.1092767954,4.172462918,8.837258024,1.505824185,48.5301265398,3.6823933629,4.056230621,73.3852342244,8.6432581916,1.3641163161,31.2402581078,7.3564904048,1.0,17.194586441
162,2020-08-20,USD,1.3961181435,1.650464135,5.6079324895,1.3210126582,0.9102109705,6.9185654008,21.9924050633,6.2827848101,0.7609535865,7.7502109705,6.3591561181,295.6877637131,14771.0042194093,3.4012658228,75.0987341772,137.2151898734,105.8734177215,1188.3713080169,22.2541772152,4.1724894515,8.9508860759,1.5323206751,48.6978902954,3.7058227848,4.083628692,73.9493670886,8.7388185654,1.3687763713,31.4303797468,7.3526582278,1.0,17.2266666667
163,2020-08-21,USD,1.3970600731,1.6618234344,5.6001359504,1.3223723341,0.912906789,6.9235279123,22.1624607018,6.3251763106,0.7626391367,7.7501911802,6.3933214377,297.969241227,14771.000084969,3.4012235534,74.9409465545,138.1595717563,105.8118786643,1192.242331549,22.1480159742,4.179964313,8.9993202481,1.5332653581,48.7076217181,3.7368510494,4.1129237828,74.5475401478,8.8053360523,1.3706347183,31.5753250064,7.3009601495,1.0,17.2467499363
164,2020-08-24,USD,1.3888748206,1.6508820799,5.5660504769,1.3145944121,0.9083312231,6.9128893391,22.0232970372,6.2830252385,0.7611631637,7.7502321263,6.3585717903,296.1340423736,14670.498860471,3.4011142061,74.0879547565,137.5875749135,105.7314087955,1187.0684561492,21.8879885203,4.1754874652,8.9632818435,1.5243521567,48.4907571537,3.7128386933,4.0854224698,74.2782983034,8.7524267747,1.3676880223,31.4096395712,7.3701358994,1.0,16.9333164514
165,2020-08-25,USD,1.3942779753,1.6554934823,5.5747418317,1.3202133062,0.9101066531,6.9130692399,22.1102082275,6.2995598443,0.761342475,7.750380904,6.3729473506,299.187404774,14644.9974606399,3.4016421195,74.2479261893,138.0565430845,106.373793804,1186.8291857119,21.9040121889,4.1685288641,8.9459962756,1.5305569663,48.5500253936,3.7175385136,4.0970882004,74.7926189267,8.7629084137,1.3687150838,31.4753682072,7.3939393939,1.0,16.7668867445
166,2020-08-26,USD,1.3886674018,1.6590041564,5.5405038595,1.318432437,0.9108490966,6.8930358809,22.2766986174,6.31427602,0.7607939605,7.7502756807,6.3850199338,300.9076257528,14672.4997879379,3.4009670031,74.3175841887,138.4341335143,106.3194503351,1186.6740181525,21.9484264993,4.1699889728,8.9577572313,1.5243871406,48.5740944949,3.7385698533,4.1071337688,75.7967596912,8.7664772245,1.3682246162,31.3402324201,7.354822292,1.0,16.7949783697
167,2020-08-27,USD,1.3798915806,1.6566152804,5.5912248009,1.3146705065,0.9105539556,6.8882771472,22.2564797561,6.3043367779,0.7581314586,7.7500423513,6.3748941216,301.5246484838,14721.3959003896,3.3693884466,73.9162290361,138.4889039471,106.1663560901,1185.6259529053,21.9553616805,4.1725393868,8.9088599017,1.5076232424,48.6057936642,3.7263255972,4.100880908,75.0804675589,8.7360664069,1.3660850415,31.2298831103,7.3407589361,1.0,16.9638319499
168,2020-08-28,USD,1.3609735627,1.6414603441,5.5063365506,1.3053294167,0.9028955099,6.8610155266,21.9890893831,6.2475031473,0.7508854385,7.7503147293,6.3176668065,298.0948384389,14545.2538816618,3.3640788922,73.1955518254,137.2219890894,105.2370960974,1181.0658833403,21.8791439362,4.1655056651,8.787242971,1.4874527906,48.4062106588,3.6861938733,4.0616869492,74.3810323122,8.6112463282,1.3592110785,31.1296684851,7.316491817,1.0,16.687284935
169,2020-08-31,USD,1.3579564489,1.6380234506,5.4220268007,1.3066164154,0.9023450586,6.8434673367,21.9497487437,6.2344221106,0.7504606365,7.7500837521,6.3048576214,296.9346733668,14576.5494137353,3.3610552764,73.2567001675,137.6046901173,105.9212730318,1185.7286432161,21.824958124,4.1654941374,8.756281407,1.4847571189,48.4396984925,3.6826633166,4.0534338358,73.9525125628,8.6170854271,1.3597152429,31.0703517588,7.350921273,1.0,16.7159966499
170,2020-09-01,USD,1.3549678819,1.631600901,5.4330524735,1.3014098607,0.9063985985,6.8189705514,21.8787019271,6.2095603571,0.742262451,7.7500625678,6.2834737632,295.3366146659,14570.0008342371,3.3522148995,72.9194126971,137.2320013348,105.8813714858,1184.7167765079,21.7133561358,4.142487695,8.7075998999,1.4788520898,48.5284057729,3.6643864186,4.0375406691,73.535830483,8.6431133728,1.3576374406,31.0753316092,7.3576374406,1.0,16.639609577
